order_id,product_code,product_name,quantity,order_date,price,customer_id,date,amount
493702,48138,door mat union flag,200,2010-01-05 14:07:00,4.0,18102.0,2010-01-05,800.0
493702,21955,union jack guns & roses  doormat,200,2010-01-05 14:07:00,4.0,18102.0,2010-01-05,800.0
493703,48173C,door mat black flock,120,2010-01-05 14:08:00,4.0,18102.0,2010-01-05,480.0
493703,48188,door mat welcome puppies,120,2010-01-05 14:08:00,4.0,18102.0,2010-01-05,480.0
493703,21955,union jack guns & roses  doormat,150,2010-01-05 14:08:00,4.0,18102.0,2010-01-05,600.0
493965,21780,ma campagne 4 drawer wall shelf,8,2010-01-08 16:34:00,5.0,14573.0,2010-01-08,40.0
494243,21308,louvre vanity mirror,126,2010-01-12 15:57:00,5.0,18102.0,2010-01-12,630.0
494243,21309,louvre chalkboard,41,2010-01-12 15:57:00,6.0,18102.0,2010-01-12,246.0
494243,21910,way out metal sign,288,2010-01-12 15:57:00,1.0,18102.0,2010-01-12,288.0
494243,21164,home sweet home metal sign,288,2010-01-12 15:57:00,2.0,18102.0,2010-01-12,576.0
494243,21165,beware of the cat metal sign,264,2010-01-12 15:57:00,1.0,18102.0,2010-01-12,264.0
494243,21548,ceramic birdhouse finch blue roof,225,2010-01-12 15:57:00,2.0,18102.0,2010-01-12,450.0
494243,21545,ceramic birdhouse butterfly small,225,2010-01-12 15:57:00,2.0,18102.0,2010-01-12,450.0
494243,21547,ceramic birdhouse crested tit small,225,2010-01-12 15:57:00,2.0,18102.0,2010-01-12,450.0
494243,21552,ceramic birdhouse black rose  large,75,2010-01-12 15:57:00,4.0,18102.0,2010-01-12,300.0
494243,21551,ceramic birdhouse butterfly large,104,2010-01-12 15:57:00,4.0,18102.0,2010-01-12,416.0
494243,21550,ceramic birdhouse crested tit large,120,2010-01-12 15:57:00,4.0,18102.0,2010-01-12,480.0
494243,21554,ceramic birdhouse red roof large,120,2010-01-12 15:57:00,4.0,18102.0,2010-01-12,480.0
494243,21553,ceramic birdhouse finch blue  large,27,2010-01-12 15:57:00,4.0,18102.0,2010-01-12,108.0
494243,22083,paper chain kit retro spot,120,2010-01-12 15:57:00,2.0,18102.0,2010-01-12,240.0
494243,22084,paper chain kit empire,120,2010-01-12 15:57:00,2.0,18102.0,2010-01-12,240.0
494243,22089,paper bunting vintage paisley,120,2010-01-12 15:57:00,2.0,18102.0,2010-01-12,240.0
494243,22088,paper bunting coloured lace,120,2010-01-12 15:57:00,2.0,18102.0,2010-01-12,240.0
494243,22090,paper bunting retro spots,120,2010-01-12 15:57:00,2.0,18102.0,2010-01-12,240.0
494243,21338,marakesh lantern small,163,2010-01-12 15:57:00,4.0,18102.0,2010-01-12,652.0
494243,84767,zinc police box lantern,187,2010-01-12 15:57:00,4.0,18102.0,2010-01-12,748.0
494243,21324,hanging medina lantern small,312,2010-01-12 15:57:00,2.0,18102.0,2010-01-12,624.0
494243,22173,metal 4 hook hanger french chateau,224,2010-01-12 15:57:00,2.0,18102.0,2010-01-12,448.0
494243,84830,large english arboretum,100,2010-01-12 15:57:00,10.0,18102.0,2010-01-12,1000.0
494243,21745,gaolers keys decorative garden,204,2010-01-12 15:57:00,2.0,18102.0,2010-01-12,408.0
494243,21549,ceramic birdhouse red roof small,240,2010-01-12 15:57:00,2.0,18102.0,2010-01-12,480.0
494243,84838,ant white high rise bird box,45,2010-01-12 15:57:00,6.0,18102.0,2010-01-12,270.0
494243,21340,classic metal birdcage plant holder,24,2010-01-12 15:57:00,7.0,18102.0,2010-01-12,168.0
494244,22286,"decoration , wobbly rabbit , metal ",300,2010-01-12 16:02:00,1.0,18102.0,2010-01-12,300.0
494244,22285,"decoration hen on nest, hanging",300,2010-01-12 16:02:00,1.0,18102.0,2010-01-12,300.0
494244,22284,hen house decoration,300,2010-01-12 16:02:00,1.0,18102.0,2010-01-12,300.0
494244,22281,easter tree yellow birds,160,2010-01-12 16:02:00,4.0,18102.0,2010-01-12,640.0
494244,22287,"decoration , wobbly chicken, metal ",300,2010-01-12 16:02:00,1.0,18102.0,2010-01-12,300.0
494872,84966B,blue kashmiri boxed mirror,3,2010-01-19 12:18:00,20.0,14715.0,2010-01-19,60.0
494872,84966A,pink kashmiri boxed mirror,3,2010-01-19 12:18:00,20.0,14715.0,2010-01-19,60.0
495546,84371,big pink poodle,22,2010-01-25 15:54:00,5.0,13206.0,2010-01-25,110.0
496059,M,manual,1,2010-01-28 15:26:00,20.0,16535.0,2010-01-28,20.0
496872,M,manual,1,2010-02-04 13:34:00,1.0,14648.0,2010-02-04,1.0
496981,35001G,hand open shape gold,36,2010-02-05 10:35:00,2.0,15482.0,2010-02-05,72.0
497030,21033,jumbo bag charlie and lola toys,30,2010-02-05 13:37:00,2.0,18102.0,2010-02-05,60.0
497157,48111,door mat 3 smiley cats,200,2010-02-05 16:25:00,4.0,18102.0,2010-02-05,800.0
497157,48188,door mat welcome puppies,200,2010-02-05 16:25:00,4.0,18102.0,2010-02-05,800.0
497157,20685,door mat red spot,200,2010-02-05 16:25:00,4.0,18102.0,2010-02-05,800.0
497157,48194,door mat hearts,200,2010-02-05 16:25:00,4.0,18102.0,2010-02-05,800.0
497157,21524,door mat spotty home sweet home,200,2010-02-05 16:25:00,4.0,18102.0,2010-02-05,800.0
497882,M,manual,1,2010-02-14 11:42:00,100.0,12748.0,2010-02-14,100.0
498149,C2,carriage,1,2010-02-17 10:24:00,50.0,18285.0,2010-02-17,50.0
498269,BANK CHARGES,bank charges,1,2010-02-17 15:03:00,15.0,16928.0,2010-02-17,15.0
498283,47583B,set of 3 wicker basket tea and cake,19,2010-02-17 16:40:00,7.0,17858.0,2010-02-17,133.0
498283,47583A,set of 3 wicker basket rose,66,2010-02-17 16:40:00,7.0,17858.0,2010-02-17,462.0
498723,84964B,blue painted kashmiri table,16,2010-02-22 14:54:00,60.0,13340.0,2010-02-22,960.0
498723,84964A,pink painted kashmiri table,10,2010-02-22 14:54:00,60.0,13340.0,2010-02-22,600.0
498723,84965B,blue kashmiri coffee table,15,2010-02-22 14:54:00,60.0,13340.0,2010-02-22,900.0
498723,84965A,pink kashmiri coffee table,15,2010-02-22 14:54:00,60.0,13340.0,2010-02-22,900.0
499297,21911,garden metal sign,288,2010-02-25 20:16:00,1.0,18102.0,2010-02-25,288.0
499297,22090,paper bunting retro spots,120,2010-02-25 20:16:00,2.0,18102.0,2010-02-25,240.0
499297,22088,paper bunting coloured lace,120,2010-02-25 20:16:00,2.0,18102.0,2010-02-25,240.0
499297,21165,beware of the cat metal sign,336,2010-02-25 20:16:00,1.0,18102.0,2010-02-25,336.0
499297,21164,home sweet home metal sign,216,2010-02-25 20:16:00,2.0,18102.0,2010-02-25,432.0
499297,21545,ceramic birdhouse butterfly small,144,2010-02-25 20:16:00,2.0,18102.0,2010-02-25,288.0
499297,21547,ceramic birdhouse crested tit small,144,2010-02-25 20:16:00,2.0,18102.0,2010-02-25,288.0
499297,21549,ceramic birdhouse red roof small,144,2010-02-25 20:16:00,2.0,18102.0,2010-02-25,288.0
499297,21548,ceramic birdhouse finch blue roof,144,2010-02-25 20:16:00,2.0,18102.0,2010-02-25,288.0
499297,22173,metal 4 hook hanger french chateau,128,2010-02-25 20:16:00,2.0,18102.0,2010-02-25,256.0
499297,22084,paper chain kit empire,120,2010-02-25 20:16:00,2.0,18102.0,2010-02-25,240.0
499297,22089,paper bunting vintage paisley,120,2010-02-25 20:16:00,2.0,18102.0,2010-02-25,240.0
499297,21910,way out metal sign,288,2010-02-25 20:16:00,1.0,18102.0,2010-02-25,288.0
499601,21760,french style wall dresser,1,2010-03-01 12:34:00,125.0,13018.0,2010-03-01,125.0
499965,M,manual,6,2010-03-03 13:57:00,1.0,16461.0,2010-03-03,6.0
500010,C2,carriage,1,2010-03-04 10:06:00,50.0,13377.0,2010-03-04,50.0
500172,84031B,charlie lola blue hot water bottle,24,2010-03-05 10:12:00,3.0,18102.0,2010-03-05,72.0
500172,84031A,charlie+lola red hot water bottle,24,2010-03-05 10:12:00,3.0,18102.0,2010-03-05,72.0
500172,21033,jumbo bag charlie and lola toys,40,2010-03-05 10:12:00,2.0,18102.0,2010-03-05,80.0
500495,M,manual,1,2010-03-08 13:04:00,10.0,15078.0,2010-03-08,10.0
500663,21760,french style wall dresser,1,2010-03-09 12:10:00,125.0,17700.0,2010-03-09,125.0
501854,M,manual,3,2010-03-21 11:15:00,1.0,15446.0,2010-03-21,3.0
501877,M,manual,50,2010-03-21 13:14:00,1.0,17611.0,2010-03-21,50.0
501960,C2,carriage,1,2010-03-22 12:10:00,50.0,14817.0,2010-03-22,50.0
502660,M,manual,6,2010-03-25 17:18:00,1.0,13187.0,2010-03-25,6.0
502660,M,manual,7,2010-03-25 17:18:00,1.0,13187.0,2010-03-25,7.0
502660,M,manual,6,2010-03-25 17:18:00,1.0,13187.0,2010-03-25,6.0
502765,M,manual,2,2010-03-26 14:01:00,2.0,17371.0,2010-03-26,4.0
502831,M,manual,3,2010-03-28 12:26:00,10.0,17372.0,2010-03-28,30.0
503497,BANK CHARGES,bank charges,1,2010-04-01 12:07:00,15.0,17539.0,2010-04-01,15.0
503547,21760,french style wall dresser,1,2010-04-01 14:52:00,125.0,14049.0,2010-04-01,125.0
503801,M,manual,1,2010-04-07 13:48:00,10.0,15521.0,2010-04-07,10.0
503960,BANK CHARGES,bank charges,1,2010-04-08 16:50:00,15.0,12843.0,2010-04-08,15.0
504621,C2,carriage,1,2010-04-15 11:47:00,50.0,14944.0,2010-04-15,50.0
504873,C2,carriage,1,2010-04-18 12:36:00,50.0,14817.0,2010-04-18,50.0
505204,BANK CHARGES,bank charges,1,2010-04-20 16:24:00,15.0,17448.0,2010-04-20,15.0
505228,C2,carriage,1,2010-04-21 10:34:00,50.0,16256.0,2010-04-21,50.0
505347,21760,french style wall dresser,1,2010-04-21 13:56:00,125.0,16133.0,2010-04-21,125.0
505536,21340,classic metal birdcage plant holder,120,2010-04-22 17:49:00,7.0,18102.0,2010-04-22,840.0
505572,47505,minature coloured gardening set,3,2010-04-23 11:36:00,2.0,14030.0,2010-04-23,6.0
506149,84472,pink and lilac quilted throw,1,2010-04-27 17:01:00,10.0,12748.0,2010-04-27,10.0
506377,47505,minature coloured gardening set,3,2010-04-29 12:16:00,2.0,14527.0,2010-04-29,6.0
506434,21759,metal wall shelf unit with hooks,1,2010-04-29 15:34:00,30.0,13173.0,2010-04-29,30.0
506434,M,manual,2,2010-04-29 15:34:00,5.0,13173.0,2010-04-29,10.0
506434,84292B,blue col metal folding chair,4,2010-04-29 15:34:00,5.0,13173.0,2010-04-29,20.0
507438,M,manual,1,2010-05-10 09:16:00,4.0,17994.0,2010-05-10,4.0
507843,21760,french style wall dresser,2,2010-05-11 13:51:00,110.0,15149.0,2010-05-11,220.0
508074,M,manual,4,2010-05-12 16:03:00,10.0,17897.0,2010-05-12,40.0
508074,M,manual,3,2010-05-12 16:03:00,2.0,17897.0,2010-05-12,6.0
508075,M,manual,1,2010-05-12 16:04:00,30.0,15149.0,2010-05-12,30.0
508108,C2,carriage,1,2010-05-13 10:42:00,50.0,15064.0,2010-05-13,50.0
508498,21760,french style wall dresser,1,2010-05-16 14:54:00,125.0,17905.0,2010-05-16,125.0
508500,85070,ant white sweetheart table w 3 draw,1,2010-05-16 15:33:00,125.0,15272.0,2010-05-16,125.0
509375,BANK CHARGES,bank charges,1,2010-05-21 14:40:00,15.0,17448.0,2010-05-21,15.0
509416,M,manual,1,2010-05-23 12:50:00,5.0,14505.0,2010-05-23,5.0
509416,M,manual,1,2010-05-23 12:50:00,1.0,14505.0,2010-05-23,1.0
509669,BANK CHARGES,bank charges,1,2010-05-25 12:03:00,15.0,17448.0,2010-05-25,15.0
509956,21476,steel sweetheart round table cream,7,2010-05-26 12:49:00,10.0,14715.0,2010-05-26,70.0
509977,85070,ant white sweetheart table w 3 draw,1,2010-05-26 13:51:00,70.0,14651.0,2010-05-26,70.0
511236,M,manual,2,2010-06-07 12:29:00,5.0,18203.0,2010-06-07,10.0
511313,21760,french style wall dresser,1,2010-06-07 16:28:00,125.0,13064.0,2010-06-07,125.0
511335,21528,dairy maid traditional teapot,204,2010-06-08 10:44:00,4.0,18102.0,2010-06-08,816.0
511655,M,manual,1,2010-06-09 14:09:00,3.0,14104.0,2010-06-09,3.0
511771,M,manual,1,2010-06-10 12:12:00,15.0,17032.0,2010-06-10,15.0
511774,BANK CHARGES,bank charges,1,2010-06-10 12:16:00,15.0,17032.0,2010-06-10,15.0
511967,M,manual,1,2010-06-11 13:43:00,5.0,17867.0,2010-06-11,5.0
512461,C2,carriage,1,2010-06-16 10:23:00,50.0,13338.0,2010-06-16,50.0
512563,21760,french style wall dresser,1,2010-06-16 14:34:00,125.0,13916.0,2010-06-16,125.0
512570,M,manual,1,2010-06-16 14:47:00,10.0,14075.0,2010-06-16,10.0
512658,BANK CHARGES,bank charges,1,2010-06-17 11:24:00,15.0,14085.0,2010-06-17,15.0
512659,M,manual,1,2010-06-17 11:26:00,5.0,17884.0,2010-06-17,5.0
513625,84966B,blue kashmiri boxed mirror,1,2010-06-27 13:09:00,20.0,14505.0,2010-06-27,20.0
513625,84966A,pink kashmiri boxed mirror,1,2010-06-27 13:09:00,20.0,14505.0,2010-06-27,20.0
513813,POST,postage,6,2010-06-29 09:52:00,18.0,13023.0,2010-06-29,108.0
513934,21760,french style wall dresser,1,2010-06-29 12:30:00,125.0,14224.0,2010-06-29,125.0
514471,22192,blue diner wall clock,1,2010-07-02 13:25:00,4.0,12748.0,2010-07-02,4.0
515010,84967B,blue kashmiri occasional table,4,2010-07-07 16:04:00,25.0,14498.0,2010-07-07,100.0
515010,84967A,pink kashmiri occasional table,1,2010-07-07 16:04:00,15.0,14498.0,2010-07-07,15.0
515010,84963A,pink painted kashmiri chair,2,2010-07-07 16:04:00,25.0,14498.0,2010-07-07,50.0
515156,21760,french style wall dresser,1,2010-07-08 15:29:00,125.0,16466.0,2010-07-08,125.0
515346,M,manual,1,2010-07-12 10:24:00,10.0,14608.0,2010-07-12,10.0
515349,22656,vintage blue kitchen cabinet,1,2010-07-12 10:43:00,295.0,15513.0,2010-07-12,295.0
515349,22655,vintage red kitchen cabinet,1,2010-07-12 10:43:00,295.0,15513.0,2010-07-12,295.0
515602,22656,vintage blue kitchen cabinet,1,2010-07-13 14:15:00,295.0,14895.0,2010-07-13,295.0
515762,M,manual,1,2010-07-14 13:48:00,15.0,14606.0,2010-07-14,15.0
515811,22656,vintage blue kitchen cabinet,1,2010-07-15 08:46:00,295.0,15259.0,2010-07-15,295.0
515827,22656,vintage blue kitchen cabinet,1,2010-07-15 10:20:00,295.0,16054.0,2010-07-15,295.0
515845,BANK CHARGES,bank charges,1,2010-07-15 11:21:00,15.0,14606.0,2010-07-15,15.0
515855,BANK CHARGES,bank charges,1,2010-07-15 11:24:00,15.0,17448.0,2010-07-15,15.0
515887,C2,carriage,1,2010-07-15 12:06:00,50.0,14817.0,2010-07-15,50.0
516158,M,manual,8,2010-07-18 11:49:00,1.0,16950.0,2010-07-18,8.0
516164,22655,vintage red kitchen cabinet,1,2010-07-18 12:19:00,295.0,15151.0,2010-07-18,295.0
516164,22656,vintage blue kitchen cabinet,1,2010-07-18 12:19:00,295.0,15151.0,2010-07-18,295.0
516342,M,manual,2,2010-07-20 09:42:00,1.0,17994.0,2010-07-20,2.0
516479,84358,floor lamp shade wood base,52,2010-07-20 17:22:00,7.0,14061.0,2010-07-20,364.0
516610,22655,vintage red kitchen cabinet,1,2010-07-21 14:41:00,295.0,13615.0,2010-07-21,295.0
516781,21728,metal medina lantern,18,2010-07-23 08:24:00,8.0,18102.0,2010-07-23,144.0
516909,M,manual,1,2010-07-25 11:02:00,95.0,12748.0,2010-07-25,95.0
516913,22656,vintage blue kitchen cabinet,1,2010-07-25 11:07:00,295.0,13875.0,2010-07-25,295.0
516949,22656,vintage blue kitchen cabinet,1,2010-07-25 15:32:00,295.0,16556.0,2010-07-25,295.0
517052,85070,ant white sweetheart table w 3 draw,1,2010-07-26 12:34:00,125.0,12977.0,2010-07-26,125.0
517116,22655,vintage red kitchen cabinet,1,2010-07-27 08:09:00,295.0,18172.0,2010-07-27,295.0
517393,22655,vintage red kitchen cabinet,2,2010-07-29 10:00:00,295.0,13340.0,2010-07-29,590.0
517648,BANK CHARGES,bank charges,1,2010-07-30 13:52:00,15.0,14606.0,2010-07-30,15.0
517650,22655,vintage red kitchen cabinet,1,2010-07-30 14:00:00,295.0,13015.0,2010-07-30,295.0
517652,BANK CHARGES,bank charges,1,2010-07-30 14:07:00,15.0,17448.0,2010-07-30,15.0
517709,M,manual,1,2010-08-01 11:02:00,50.0,12748.0,2010-08-01,50.0
517713,M,manual,1,2010-08-01 11:18:00,95.0,12748.0,2010-08-01,95.0
517766,22656,vintage blue kitchen cabinet,1,2010-08-02 11:25:00,295.0,14427.0,2010-08-02,295.0
517909,22655,vintage red kitchen cabinet,1,2010-08-03 10:26:00,295.0,18260.0,2010-08-03,295.0
517930,22656,vintage blue kitchen cabinet,1,2010-08-03 10:38:00,295.0,15727.0,2010-08-03,295.0
517930,22655,vintage red kitchen cabinet,1,2010-08-03 10:38:00,295.0,15727.0,2010-08-03,295.0
517934,M,manual,1,2010-08-03 10:52:00,800.0,12748.0,2010-08-03,800.0
518666,BANK CHARGES,bank charges,1,2010-08-10 14:45:00,15.0,14606.0,2010-08-10,15.0
518667,BANK CHARGES,bank charges,1,2010-08-10 14:47:00,15.0,14606.0,2010-08-10,15.0
518756,22656,vintage blue kitchen cabinet,1,2010-08-11 12:59:00,295.0,16985.0,2010-08-11,295.0
518777,M,manual,1,2010-08-11 15:56:00,800.0,12748.0,2010-08-11,800.0
518942,M,manual,1,2010-08-12 14:48:00,150.0,12748.0,2010-08-12,150.0
518982,22655,vintage red kitchen cabinet,1,2010-08-12 16:45:00,295.0,18227.0,2010-08-12,295.0
519204,M,manual,1,2010-08-15 10:55:00,95.0,16326.0,2010-08-15,95.0
519207,M,manual,1,2010-08-15 11:06:00,95.0,12748.0,2010-08-15,95.0
519716,C2,carriage,1,2010-08-19 16:15:00,50.0,13360.0,2010-08-19,50.0
519808,D,discount,192,2010-08-20 12:50:00,1.0,16422.0,2010-08-20,192.0
519887,22655,vintage red kitchen cabinet,1,2010-08-22 12:03:00,295.0,18260.0,2010-08-22,295.0
520204,22656,vintage blue kitchen cabinet,1,2010-08-24 16:08:00,295.0,16985.0,2010-08-24,295.0
520350,22655,vintage red kitchen cabinet,1,2010-08-25 13:27:00,295.0,16570.0,2010-08-25,295.0
520485,M,manual,1,2010-08-26 11:54:00,10.0,14866.0,2010-08-26,10.0
521361,84965A,pink kashmiri coffee table,4,2010-09-03 17:23:00,30.0,17858.0,2010-09-03,120.0
521361,84965B,blue kashmiri coffee table,10,2010-09-03 17:23:00,30.0,17858.0,2010-09-03,300.0
521361,84966C,green kashmiri boxed mirror,19,2010-09-03 17:23:00,12.0,17858.0,2010-09-03,228.0
521361,84966B,blue kashmiri boxed mirror,17,2010-09-03 17:23:00,12.0,17858.0,2010-09-03,204.0
521361,84967B,blue kashmiri occasional table,6,2010-09-03 17:23:00,30.0,17858.0,2010-09-03,180.0
521361,84967C,green kashmiri occasional table,6,2010-09-03 17:23:00,30.0,17858.0,2010-09-03,180.0
521362,78027,seagrass s/2 corner laundry,2,2010-09-03 17:24:00,10.0,17858.0,2010-09-03,20.0
521362,78026,seagrass s/3 squ laundry box,11,2010-09-03 17:24:00,10.0,17858.0,2010-09-03,110.0
521482,22656,vintage blue kitchen cabinet,1,2010-09-06 13:20:00,295.0,15809.0,2010-09-06,295.0
521812,BANK CHARGES,bank charges,1,2010-09-08 15:00:00,15.0,16271.0,2010-09-08,15.0
521911,21760,french style wall dresser,2,2010-09-09 13:20:00,110.0,15972.0,2010-09-09,220.0
521911,21760,french style wall dresser,1,2010-09-09 13:20:00,50.0,15972.0,2010-09-09,50.0
522642,C2,carriage,1,2010-09-16 10:29:00,50.0,13374.0,2010-09-16,50.0
522967,M,manual,1,2010-09-19 13:02:00,15.0,18257.0,2010-09-19,15.0
523168,POST,postage,1,2010-09-20 15:37:00,15.0,17949.0,2010-09-20,15.0
523721,POST,postage,1,2010-09-23 16:23:00,45.0,12748.0,2010-09-23,45.0
523792,M,manual,1,2010-09-24 11:34:00,1.0,14994.0,2010-09-24,1.0
523946,22655,vintage red kitchen cabinet,1,2010-09-26 11:23:00,295.0,16833.0,2010-09-26,295.0
524482,22656,vintage blue kitchen cabinet,1,2010-09-29 11:40:00,295.0,15734.0,2010-09-29,295.0
524994,22611,vintage union jack shopping bag,24,2010-10-01 16:42:00,4.0,17380.0,2010-10-01,96.0
525022,22656,vintage blue kitchen cabinet,1,2010-10-03 12:00:00,295.0,17412.0,2010-10-03,295.0
525022,22655,vintage red kitchen cabinet,1,2010-10-03 12:00:00,295.0,17412.0,2010-10-03,295.0
525100,C2,carriage,1,2010-10-04 10:00:00,50.0,13367.0,2010-10-04,50.0
525114,C2,carriage,1,2010-10-04 11:33:00,50.0,18284.0,2010-10-04,50.0
525457,M,manual,1,2010-10-05 14:30:00,20.0,18065.0,2010-10-05,20.0
525721,M,manual,1,2010-10-06 15:00:00,15.0,15973.0,2010-10-06,15.0
526506,C2,carriage,1,2010-10-12 10:43:00,50.0,13368.0,2010-10-12,50.0
527110,C2,carriage,1,2010-10-14 17:23:00,50.0,14817.0,2010-10-14,50.0
527467,M,manual,1,2010-10-18 11:03:00,5.0,15921.0,2010-10-18,5.0
528051,22656,vintage blue kitchen cabinet,1,2010-10-20 11:41:00,295.0,15874.0,2010-10-20,295.0
528325,22827,giant seventeen drawer sideboard,1,2010-10-21 13:02:00,165.0,15680.0,2010-10-21,165.0
528338,22827,giant seventeen drawer sideboard,2,2010-10-21 14:03:00,145.0,15257.0,2010-10-21,290.0
528431,22827,giant seventeen drawer sideboard,2,2010-10-22 10:14:00,145.0,12973.0,2010-10-22,290.0
528574,22827,giant seventeen drawer sideboard,1,2010-10-22 13:10:00,165.0,13106.0,2010-10-22,165.0
528970,22823,chest natural wood 20 drawers,2,2010-10-26 10:24:00,110.0,14298.0,2010-10-26,220.0
529316,M,manual,1,2010-10-27 13:34:00,15.0,16430.0,2010-10-27,15.0
529507,22827,giant seventeen drawer sideboard,1,2010-10-28 14:29:00,165.0,16129.0,2010-10-28,165.0
529513,22823,chest natural wood 20 drawers,1,2010-10-28 14:51:00,125.0,14134.0,2010-10-28,125.0
529517,C2,carriage,1,2010-10-28 15:18:00,50.0,16265.0,2010-10-28,50.0
529797,22138,baking set 9 piece retrospot,4,2010-10-29 17:26:00,1.0,17884.0,2010-10-29,4.0
529937,22827,giant seventeen drawer sideboard,1,2010-10-31 14:43:00,165.0,16539.0,2010-10-31,165.0
530087,22655,vintage red kitchen cabinet,1,2010-11-01 13:33:00,295.0,16732.0,2010-11-01,295.0
530123,C2,carriage,1,2010-11-01 15:05:00,50.0,13359.0,2010-11-01,50.0
530396,84965B,blue kashmiri coffee table,1,2010-11-02 17:29:00,30.0,17858.0,2010-11-02,30.0
530396,84965A,pink kashmiri coffee table,1,2010-11-02 17:29:00,30.0,17858.0,2010-11-02,30.0
530396,84964B,blue painted kashmiri table,1,2010-11-02 17:29:00,30.0,17858.0,2010-11-02,30.0
530396,84964A,pink painted kashmiri table,1,2010-11-02 17:29:00,30.0,17858.0,2010-11-02,30.0
530396,84963A,pink painted kashmiri chair,8,2010-11-02 17:29:00,15.0,17858.0,2010-11-02,120.0
530396,84963B,blue painted kashmiri chair,8,2010-11-02 17:29:00,15.0,17858.0,2010-11-02,120.0
530396,84967B,blue kashmiri occasional table,3,2010-11-02 17:29:00,30.0,17858.0,2010-11-02,90.0
530396,84966B,blue kashmiri boxed mirror,12,2010-11-02 17:29:00,12.0,17858.0,2010-11-02,144.0
530396,84966A,pink kashmiri boxed mirror,8,2010-11-02 17:29:00,12.0,17858.0,2010-11-02,96.0
530396,84966C,green kashmiri boxed mirror,4,2010-11-02 17:29:00,12.0,17858.0,2010-11-02,48.0
530410,22827,giant seventeen drawer sideboard,1,2010-11-02 18:16:00,165.0,12855.0,2010-11-02,165.0
530560,22827,giant seventeen drawer sideboard,1,2010-11-03 13:46:00,165.0,15158.0,2010-11-03,165.0
530646,22828,regency mirror with shutters,2,2010-11-04 08:37:00,145.0,15270.0,2010-11-04,290.0
530647,22828,regency mirror with shutters,2,2010-11-04 08:39:00,145.0,15270.0,2010-11-04,290.0
530952,22833,hall cabinet with 3 drawers,1,2010-11-04 18:40:00,15.0,15521.0,2010-11-04,15.0
531064,C2,carriage,1,2010-11-05 12:09:00,50.0,16265.0,2010-11-05,50.0
531189,C2,carriage,1,2010-11-05 15:07:00,50.0,13996.0,2010-11-05,50.0
531437,C2,carriage,1,2010-11-08 12:20:00,50.0,13377.0,2010-11-08,50.0
531543,M,manual,1,2010-11-08 17:34:00,2.0,13691.0,2010-11-08,2.0
531731,C2,carriage,1,2010-11-09 12:15:00,50.0,14817.0,2010-11-09,50.0
532034,M,manual,1,2010-11-10 13:31:00,2.0,15001.0,2010-11-10,2.0
532637,BANK CHARGES,bank charges,1,2010-11-12 16:18:00,15.0,13174.0,2010-11-12,15.0
532849,C2,carriage,1,2010-11-15 10:46:00,50.0,14944.0,2010-11-15,50.0
533370,22656,vintage blue kitchen cabinet,2,2010-11-17 10:31:00,295.0,15874.0,2010-11-17,590.0
533370,22828,regency mirror with shutters,1,2010-11-17 10:31:00,165.0,15874.0,2010-11-17,165.0
533561,C2,carriage,1,2010-11-18 10:06:00,50.0,16265.0,2010-11-18,50.0
534002,22827,giant seventeen drawer sideboard,1,2010-11-19 14:26:00,165.0,17735.0,2010-11-19,165.0
534227,C2,carriage,1,2010-11-22 09:22:00,50.0,14756.0,2010-11-22,50.0
534346,C2,carriage,1,2010-11-22 11:51:00,50.0,18287.0,2010-11-22,50.0
534515,M,manual,1,2010-11-23 11:56:00,100.0,17570.0,2010-11-23,100.0
534657,22823,chest natural wood 20 drawers,2,2010-11-23 13:36:00,110.0,14252.0,2010-11-23,220.0
534770,22929,school desk and chair,1,2010-11-24 10:35:00,65.0,15358.0,2010-11-24,65.0
535106,22929,school desk and chair,1,2010-11-25 11:07:00,65.0,17342.0,2010-11-25,65.0
535474,BANK CHARGES,bank charges,1,2010-11-26 13:56:00,15.0,16928.0,2010-11-26,15.0
535673,22823,chest natural wood 20 drawers,2,2010-11-28 12:07:00,110.0,16133.0,2010-11-28,220.0
535673,22929,school desk and chair,1,2010-11-28 12:07:00,65.0,16133.0,2010-11-28,65.0
535799,M,manual,6,2010-11-28 14:49:00,32.0,16720.0,2010-11-28,192.0
535993,22823,chest natural wood 20 drawers,1,2010-11-29 13:42:00,125.0,12870.0,2010-11-29,125.0
536392,22827,giant seventeen drawer sideboard,1,2010-12-01 10:29:00,165.0,13705.0,2010-12-01,165.0
536779,BANK CHARGES,bank charges,1,2010-12-02 15:08:00,15.0,15823.0,2010-12-02,15.0
536835,22655,vintage red kitchen cabinet,1,2010-12-02 18:06:00,295.0,13145.0,2010-12-02,295.0
537225,M,manual,1,2010-12-05 16:41:00,1.0,12748.0,2010-12-05,1.0
537396,M,manual,1,2010-12-06 14:08:00,35.0,17223.0,2010-12-06,35.0
537859,22828,regency mirror with shutters,1,2010-12-08 16:11:00,165.0,14030.0,2010-12-08,165.0
537859,22827,giant seventeen drawer sideboard,2,2010-12-08 16:11:00,145.0,14030.0,2010-12-08,290.0
537963,C2,carriage,1,2010-12-09 11:30:00,50.0,13369.0,2010-12-09,50.0
538147,M,manual,1,2010-12-09 16:11:00,15.0,13090.0,2010-12-09,15.0
538354,22826,love seat antique white metal,2,2010-12-10 15:45:00,175.0,16873.0,2010-12-10,350.0
538662,22655,vintage red kitchen cabinet,2,2010-12-13 15:44:00,125.0,15159.0,2010-12-13,250.0
538662,22656,vintage blue kitchen cabinet,2,2010-12-13 15:44:00,125.0,15159.0,2010-12-13,250.0
538685,POST,postage,1,2010-12-14 09:39:00,15.0,15694.0,2010-12-14,15.0
538807,M,manual,1,2010-12-14 12:06:00,20.0,17194.0,2010-12-14,20.0
538807,M,manual,1,2010-12-14 12:06:00,5.0,17194.0,2010-12-14,5.0
538999,22655,vintage red kitchen cabinet,2,2010-12-15 12:09:00,125.0,16003.0,2010-12-15,250.0
538999,22656,vintage blue kitchen cabinet,2,2010-12-15 12:09:00,125.0,16003.0,2010-12-15,250.0
539016,22655,vintage red kitchen cabinet,2,2010-12-15 13:49:00,125.0,13418.0,2010-12-15,250.0
539044,22656,vintage blue kitchen cabinet,2,2010-12-15 15:47:00,125.0,15727.0,2010-12-15,250.0
539044,22655,vintage red kitchen cabinet,2,2010-12-15 15:47:00,125.0,15727.0,2010-12-15,250.0
539080,22655,vintage red kitchen cabinet,1,2010-12-16 08:41:00,295.0,16607.0,2010-12-16,295.0
539092,35001W,hand open shape deco.white,6,2010-12-16 10:08:00,2.0,15482.0,2010-12-16,12.0
539092,35001G,hand open shape gold,6,2010-12-16 10:08:00,2.0,15482.0,2010-12-16,12.0
539317,M,manual,2,2010-12-16 19:04:00,3.0,17392.0,2010-12-16,6.0
539440,22655,vintage red kitchen cabinet,2,2010-12-17 15:15:00,125.0,16607.0,2010-12-17,250.0
539581,22656,vintage blue kitchen cabinet,2,2010-12-20 12:51:00,125.0,16143.0,2010-12-20,250.0
539663,22823,chest natural wood 20 drawers,1,2010-12-21 10:26:00,125.0,17961.0,2010-12-21,125.0
